dataID,HHuniqueID,Communication,LastContactDay,LastContactMonth,NoOfContacts,DaysPassed,PrevAttempts,past_Outcome,Y_AcceptedOffer
4324,HHda44d03dd1,cellular,6,aug,4,-1,0,NA,NA
4653,HHdbe76584b6,cellular,8,may,2,361,4,failure,NA
4398,HHc76e1bfd51,cellular,15,jun,1,105,1,failure,NA
4082,HH47baf19fd4,NA,6,jun,3,-1,0,NA,NA
4388,HH1e95c7e336,telephone,22,jul,1,-1,0,NA,NA
4804,HHe4cd927731,cellular,6,may,2,-1,0,NA,NA
4140,HH86c81ee4ec,cellular,12,jun,5,-1,0,NA,NA
4346,HH413fea90b3,cellular,18,may,1,-1,0,NA,NA
4622,HHa259285de7,cellular,7,jul,1,-1,0,NA,NA
4863,HH2aea813a29,NA,26,may,3,-1,0,NA,NA
4459,HHfb3b9d394b,cellular,9,jul,1,-1,0,NA,NA
4323,HHea9a43ceb7,cellular,30,apr,1,183,2,success,NA
4399,HH4d87c5df89,cellular,29,jan,1,261,3,failure,NA
4290,HH32827939bb,cellular,6,aug,4,-1,0,NA,NA
4477,HHbe177d8e20,NA,26,may,1,-1,0,NA,NA
4075,HH2ea31b54ea,NA,24,oct,1,-1,0,NA,NA
4567,HHee7a04dd81,cellular,14,apr,1,-1,0,NA,NA
4731,HH635bcf621c,cellular,17,apr,1,-1,0,NA,NA
4352,HH5e1a2aad93,NA,5,may,2,-1,0,NA,NA
4022,HH3accddf412,cellular,22,jun,1,-1,0,NA,NA
4670,HHdb87dc6e7a,cellular,16,oct,2,-1,0,NA,NA
4556,HH018a253250,cellular,29,oct,1,-1,0,NA,NA
4128,HHd2c1ba3d3d,cellular,30,jan,2,2,1,other,NA
4057,HH842006bab1,cellular,21,aug,1,-1,0,NA,NA
4372,HH98f9613a48,cellular,18,nov,1,-1,0,NA,NA
4365,HH61b5b4154a,cellular,17,jun,2,134,4,success,NA
4393,HHbdbd4a4852,cellular,21,nov,4,-1,0,NA,NA
4608,HHf495e8e082,cellular,19,aug,6,-1,0,NA,NA
4419,HH0012228ae0,cellular,6,may,2,-1,0,NA,NA
4798,HH8511d035be,cellular,26,aug,13,-1,0,NA,NA
4994,HHdd589f5523,NA,1,jul,3,-1,0,NA,NA
4130,HHba3994b995,cellular,19,nov,4,-1,0,NA,NA
4169,HH600afe9fb6,NA,15,may,4,-1,0,NA,NA
4859,HH119b4ec248,cellular,16,feb,1,-1,0,NA,NA
4103,HH6d48cca377,telephone,11,sep,2,95,3,other,NA
4237,HHe3956c27da,NA,20,may,1,-1,0,NA,NA
4303,HHacd7d6fe45,cellular,12,may,1,370,2,failure,NA
4698,HH02ef020a4a,cellular,29,jul,2,-1,0,NA,NA
4716,HH0265bbee08,cellular,7,aug,2,-1,0,NA,NA
4837,HH93a8a9e7b5,NA,26,may,2,-1,0,NA,NA
4696,HHfcd760e40c,cellular,13,aug,1,105,2,failure,NA
4675,HH068b8d296f,cellular,21,nov,5,-1,0,NA,NA
4502,HHf966f0bdd9,NA,6,may,2,-1,0,NA,NA
4580,HHc4f5c9475f,NA,27,may,1,-1,0,NA,NA
4268,HH57aaf2b405,NA,28,may,9,-1,0,NA,NA
4485,HH171fae7734,cellular,25,feb,1,87,10,failure,NA
4035,HH8517bf79bb,NA,19,may,1,-1,0,NA,NA
4542,HH3fbb640624,cellular,7,dec,1,-1,0,NA,NA
4949,HHeb44e9178f,cellular,11,aug,2,-1,0,NA,NA
4534,HH31e783cded,cellular,11,aug,2,-1,0,NA,NA
4047,HHf70acd4c5e,cellular,29,jun,1,586,2,failure,NA
4979,HHf2c748bc19,NA,4,jun,15,-1,0,NA,NA
4219,HH52ee5ffcbe,cellular,3,jun,3,-1,0,NA,NA
4867,HH0846ec71a5,cellular,13,aug,2,-1,0,NA,NA
4816,HH971108bf95,cellular,22,apr,2,-1,0,NA,NA
4855,HHed7b8acbe1,telephone,18,nov,1,-1,0,NA,NA
4736,HHe552c385c5,telephone,11,may,1,284,4,other,NA
4896,HH05013b485d,cellular,18,jul,1,-1,0,NA,NA
4968,HHbae111a38a,NA,5,may,2,-1,0,NA,NA
4755,HH4775aa6359,NA,28,may,2,-1,0,NA,NA
4027,HH6b8e4fad14,cellular,29,oct,2,-1,0,NA,NA
4434,HH4bdeb9649f,NA,28,may,1,-1,0,NA,NA
4138,HH0f961b3e5a,cellular,8,may,3,-1,0,NA,NA
4592,HH5ba1c0d598,cellular,18,aug,6,-1,0,NA,NA
4809,HH10b73ecf8f,cellular,6,feb,2,-1,0,NA,NA
4659,HH4e94776418,cellular,30,jul,3,-1,0,NA,NA
4338,HH6a6e2953f3,NA,30,may,5,-1,0,NA,NA
4595,HHa2ad956e5a,NA,23,may,4,-1,0,NA,NA
4050,HH218241e883,cellular,31,jul,8,-1,0,NA,NA
4761,HHc892685deb,cellular,18,mar,4,-1,0,NA,NA
4773,HHd15b038e2b,cellular,20,apr,3,151,4,failure,NA
4124,HHcf1d7fdc92,cellular,28,oct,3,272,1,failure,NA
4051,HHa2bf77ee73,cellular,11,aug,2,-1,0,NA,NA
4625,HHaa0132e2db,cellular,21,nov,1,-1,0,NA,NA
4053,HH7cc108f31c,NA,9,may,3,-1,0,NA,NA
4945,HH4585f3bcae,NA,21,may,1,-1,0,NA,NA
4825,HH943b98ad43,cellular,22,aug,2,-1,0,NA,NA
4377,HH393068f2eb,NA,18,jun,3,-1,0,NA,NA
4777,HHc513a7c040,cellular,15,may,1,298,2,failure,NA
4583,HH3dba4e4e05,cellular,30,apr,1,-1,0,NA,NA
4903,HH882fe2e644,cellular,5,may,2,350,2,failure,NA
4643,HH35267293a3,NA,19,jun,1,-1,0,NA,NA
4173,HHf120692c27,cellular,2,mar,1,152,2,success,NA
4758,HH5b683e9a00,cellular,15,may,3,-1,0,NA,NA
4354,HHf9216e09b1,cellular,13,aug,2,-1,0,NA,NA
4308,HH1755081001,cellular,19,aug,6,-1,0,NA,NA
4909,HH368b72d8b4,NA,17,jun,6,-1,0,NA,NA
4695,HH3fcad04855,NA,21,may,1,-1,0,NA,NA
4741,HH127ebc9974,cellular,26,jan,4,96,3,success,NA
4984,HH03530fa326,cellular,7,jul,3,-1,0,NA,NA
4576,HH25558c4208,cellular,31,jul,9,-1,0,NA,NA
4942,HH21433f7549,telephone,12,aug,1,178,20,failure,NA
4479,HH18cd0c68fd,cellular,17,apr,2,150,2,failure,NA
4116,HH1971d80684,cellular,23,jun,2,292,10,failure,NA
4209,HHf86c3a13e5,NA,8,may,3,-1,0,NA,NA
4616,HH3ad8827159,telephone,1,apr,3,370,1,failure,NA
4089,HHf9fed97c25,NA,16,may,5,-1,0,NA,NA
4812,HH8489eb2822,NA,26,may,1,-1,0,NA,NA
4925,HH2ec224b2df,cellular,12,aug,4,-1,0,NA,NA
4048,HH0f05d8eb6d,NA,9,jun,1,-1,0,NA,NA
4276,HH892a464330,NA,19,jun,1,-1,0,NA,NA
4509,HH1c3a8cf5f2,cellular,15,sep,1,183,1,success,NA
4491,HH1fdb4c763d,NA,7,may,2,-1,0,NA,NA
4847,HH527c77d858,cellular,15,dec,2,-1,0,NA,NA
4873,HH757062ed0e,NA,7,may,7,-1,0,NA,NA
4934,HH167e834508,NA,3,jul,1,-1,0,NA,NA
4203,HHc5c1770498,cellular,13,apr,1,348,1,success,NA
4835,HH7b64e60645,cellular,26,apr,3,192,4,other,NA
4286,HHc84556b311,cellular,5,aug,3,-1,0,NA,NA
4271,HH6026fcd268,cellular,10,mar,1,-1,0,NA,NA
4190,HH44dd51e518,cellular,5,feb,2,196,4,other,NA
4049,HHd2568e3f03,cellular,28,aug,4,-1,0,NA,NA
4421,HH4cb2dd7efb,cellular,13,may,1,87,10,success,NA
4953,HHf134d2ac30,cellular,3,dec,1,97,2,failure,NA
4025,HHeb21a65c6d,cellular,2,feb,1,-1,0,NA,NA
4016,HH495acba15a,NA,21,may,1,-1,0,NA,NA
4287,HH590e2c7d23,cellular,21,nov,2,127,4,other,NA
4893,HHdf85abfa69,NA,29,may,2,-1,0,NA,NA
4454,HHa8d37f359d,cellular,8,apr,1,141,3,other,NA
4037,HHb721af2358,NA,26,may,2,-1,0,NA,NA
4510,HH972d29adfe,NA,21,may,1,-1,0,NA,NA
4131,HHad15a796e1,cellular,1,jun,1,90,1,success,NA
4721,HHc4638b608c,cellular,22,aug,2,-1,0,NA,NA
4894,HH32aac454ac,cellular,28,jan,1,-1,0,NA,NA
4831,HH9fb6b00973,cellular,28,jan,1,-1,0,NA,NA
4376,HHc9b1d48c10,cellular,11,oct,1,182,2,success,NA
4461,HH9cece9e6c0,NA,11,jun,4,-1,0,NA,NA
4633,HHba60a3dfae,cellular,14,aug,4,-1,0,NA,NA
4780,HH66c1f65089,cellular,22,jul,2,-1,0,NA,NA
4620,HHac886c095c,cellular,5,jun,1,-1,0,NA,NA
4922,HH3309e0fe10,NA,30,may,3,-1,0,NA,NA
4248,HH55d161df35,cellular,19,may,1,90,6,success,NA
4654,HHa790aa13fe,cellular,17,jul,2,-1,0,NA,NA
4657,HH8965596dde,cellular,25,jul,3,-1,0,NA,NA
4265,HH4ca6c3b4b1,NA,17,jun,3,-1,0,NA,NA
4243,HH6774d50abe,cellular,9,jul,5,-1,0,NA,NA
4793,HH8a3d1571a2,cellular,27,aug,15,-1,0,NA,NA
4284,HHfae7d85e3b,NA,7,may,4,-1,0,NA,NA
4900,HH2746dd2fb1,cellular,21,nov,1,-1,0,NA,NA
4261,HHb28d9b18df,cellular,6,apr,1,-1,0,NA,NA
4220,HH54d42d47ec,cellular,15,jun,1,-1,0,NA,NA
4784,HH43c8759373,cellular,27,oct,1,111,8,other,NA
4899,HH523d6ac4ce,cellular,6,feb,1,-1,0,NA,NA
4161,HH840309a256,cellular,7,jul,1,-1,0,NA,NA
4334,HH9e38f146f7,cellular,30,jan,3,-1,0,NA,NA
4444,HH127984b0f0,cellular,6,aug,1,-1,0,NA,NA
4086,HHf41f768482,NA,13,may,1,-1,0,NA,NA
4105,HH6632d16d5e,cellular,20,nov,2,-1,0,NA,NA
4079,HH1bb7bbc664,cellular,8,sep,1,92,3,success,NA
4373,HH0d50eeacf4,NA,14,may,4,-1,0,NA,NA
4635,HHe255262ebb,cellular,17,jul,1,-1,0,NA,NA
4100,HHeaa7853cf8,cellular,13,may,1,345,8,failure,NA
4056,HH07d8cade5d,telephone,9,sep,1,79,3,failure,NA
4010,HHd9cebc99b0,cellular,21,nov,2,-1,0,NA,NA
4844,HHf5bbb7f7e6,cellular,30,apr,1,160,5,other,NA
4464,HH6edbc8212a,cellular,20,jul,2,92,8,failure,NA
4288,HH6a4f969b8b,NA,15,may,2,-1,0,NA,NA
4987,HH022baeee67,NA,18,jun,2,-1,0,NA,NA
4217,HHfa7bf3a6f1,NA,2,jun,1,-1,0,NA,NA
4887,HH37d9a6a708,cellular,22,oct,5,-1,0,NA,NA
4897,HH708b47d542,NA,29,may,1,-1,0,NA,NA
4563,HHa9f291f1ed,cellular,14,may,1,-1,0,NA,NA
4404,HH4629c1896f,cellular,18,jul,10,-1,0,NA,NA
4435,HH54949a4169,cellular,11,aug,1,-1,0,NA,NA
4104,HH0ae2a78e77,cellular,14,aug,2,-1,0,NA,NA
4318,HHccf91e0845,NA,9,may,1,-1,0,NA,NA
4090,HHcb160001c5,cellular,8,jul,2,-1,0,NA,NA
4770,HHcdeb71fe6c,NA,21,may,4,-1,0,NA,NA
4238,HH5712ea23af,NA,26,may,1,-1,0,NA,NA
4596,HH2edda90cad,cellular,21,nov,1,-1,0,NA,NA
4431,HH4b43f875a1,NA,6,jun,1,-1,0,NA,NA
4084,HHe8c454dfab,cellular,21,oct,2,184,1,success,NA
4481,HHb1eed06357,cellular,9,feb,7,-1,0,NA,NA
4865,HH38a851c90d,cellular,28,aug,30,-1,0,NA,NA
4068,HH3e470ae6c5,NA,2,jun,9,-1,0,NA,NA
4150,HHc2c60c0c18,telephone,31,aug,2,283,1,success,NA
4638,HH5f687b1fcc,cellular,26,may,2,98,1,success,NA
4662,HH8e42c924a4,cellular,21,nov,6,-1,0,NA,NA
4389,HH7ddae57e62,cellular,21,nov,4,-1,0,NA,NA
4701,HH2065aa1928,NA,20,may,15,-1,0,NA,NA
4316,HHa1049b72f2,cellular,19,aug,6,-1,0,NA,NA
4492,HH2675257c86,cellular,9,feb,5,209,12,failure,NA
4814,HH667dc98fec,cellular,21,aug,1,462,1,success,NA
4833,HH2b793a0aea,NA,7,may,2,-1,0,NA,NA
4171,HH1a33226c3d,cellular,4,mar,2,-1,0,NA,NA
4429,HH4dee08a099,cellular,6,aug,2,-1,0,NA,NA
4950,HHea2bc539ce,cellular,21,nov,1,177,1,other,NA
4753,HHdd7ab8dc96,cellular,9,nov,1,91,7,success,NA
4126,HH27872e31f3,cellular,10,jul,6,-1,0,NA,NA
4240,HH20e081f152,NA,30,may,3,-1,0,NA,NA
4898,HH393671e1cf,cellular,19,nov,1,-1,0,NA,NA
4380,HHb22796fe47,cellular,25,nov,1,-1,0,NA,NA
4853,HH677f34897e,cellular,4,may,5,-1,0,NA,NA
4453,HHdde8e2bbbd,cellular,13,mar,1,-1,0,NA,NA
4415,HH802f9a6dd3,cellular,5,may,2,294,4,other,NA
4805,HH2f7d9850cc,cellular,5,may,5,-1,0,NA,NA
4600,HH9eeca21301,cellular,18,jul,1,-1,0,NA,NA
4834,HH736213ac3d,NA,9,may,2,-1,0,NA,NA
4064,HH3a1af27751,cellular,17,nov,1,-1,0,NA,NA
4085,HH636e005de9,cellular,29,jan,3,142,6,success,NA
4428,HH161bc4c4c0,cellular,6,oct,1,40,5,success,NA
4003,HH4cd1f61b84,cellular,15,may,10,-1,0,NA,NA
4629,HH59fb5af134,cellular,5,may,4,-1,0,NA,NA
4718,HH67db67e6df,cellular,11,aug,2,112,1,success,NA
4763,HH59ddc844b6,cellular,4,aug,1,-1,0,NA,NA
4070,HH7832f6974d,cellular,22,mar,2,181,4,success,NA
4864,HH26a73195a0,cellular,17,apr,3,-1,0,NA,NA
4830,HHebaa51c47f,cellular,13,oct,2,-1,0,NA,NA
4970,HHcdcb991c1c,NA,29,may,1,-1,0,NA,NA
4232,HHa9356de7a6,cellular,7,apr,1,-1,0,NA,NA
4008,HH438c6aaa95,cellular,3,apr,1,302,3,failure,NA
4806,HH205b964fef,cellular,10,feb,1,-1,0,NA,NA
4433,HHae743aa4de,cellular,12,apr,1,-1,0,NA,NA
4587,HH615062838c,NA,2,jul,2,-1,0,NA,NA
4795,HH5246fdaed7,cellular,8,aug,3,-1,0,NA,NA
4054,HHf8203d299d,cellular,5,feb,10,-1,0,NA,NA
4877,HH063e29b62b,NA,15,may,1,-1,0,NA,NA
4356,HH2a8888028a,cellular,21,oct,1,-1,0,NA,NA
4738,HHcb4146fbb9,cellular,28,jul,2,-1,0,NA,NA
4921,HHd9f4d8677c,cellular,12,aug,1,182,2,success,NA
4357,HH5b246dd665,cellular,25,aug,7,-1,0,NA,NA
4823,HH270fcd3b90,cellular,29,aug,2,-1,0,NA,NA
4841,HHad613bc2eb,cellular,7,jul,1,-1,0,NA,NA
4854,HHf4b6000870,NA,3,jun,1,-1,0,NA,NA
4572,HHccc4bcb00c,cellular,13,jul,1,91,2,success,NA
4246,HH71e3650843,cellular,30,apr,1,269,1,failure,NA
4917,HHb89f3be5fb,NA,7,jan,1,-1,0,NA,NA
4023,HH176f843ff4,cellular,4,aug,1,-1,0,NA,NA
4871,HH5e0c2b7402,cellular,1,jun,1,-1,0,NA,NA
4760,HH29c6b3c797,NA,29,may,3,-1,0,NA,NA
4907,HHe8aafcb552,cellular,10,jul,1,-1,0,NA,NA
4792,HH78b5064852,NA,4,jul,11,-1,0,NA,NA
4538,HHb7e94e998d,cellular,25,jul,2,-1,0,NA,NA
4159,HHcc7dcf3b71,telephone,11,jul,4,-1,0,NA,NA
4978,HH75b726f294,NA,9,may,1,-1,0,NA,NA
4310,HH3e9fae814e,telephone,4,may,7,-1,0,NA,NA
4460,HH9e685e6980,NA,11,jun,1,-1,0,NA,NA
4656,HH0c9e3e5a58,cellular,10,jul,1,-1,0,NA,NA
4912,HH3d6a261e15,telephone,22,jun,3,-1,0,NA,NA
4157,HHc2d068f82f,cellular,11,aug,1,81,6,failure,NA
4516,HHec00c0c426,cellular,20,apr,2,348,3,failure,NA
4715,HH446184e6cf,cellular,15,apr,1,-1,0,NA,NA
4703,HH8f9d5680b6,cellular,18,aug,6,-1,0,NA,NA
4280,HHdf573278fa,cellular,5,feb,1,-1,0,NA,NA
4360,HH6f316799ee,NA,15,may,3,-1,0,NA,NA
4574,HH99d3215281,cellular,4,jun,1,-1,0,NA,NA
4014,HHef2f1dfbaa,cellular,25,aug,4,-1,0,NA,NA
4544,HH39c67249e2,NA,9,may,2,-1,0,NA,NA
4882,HH02879e1220,cellular,11,jan,1,91,1,success,NA
4782,HHfbca732f2c,cellular,12,jun,7,357,2,failure,NA
4518,HHeeab16665c,NA,7,may,1,-1,0,NA,NA
4099,HH17a4403a7b,cellular,8,jul,2,-1,0,NA,NA
4739,HH5ed73b551f,cellular,21,oct,1,182,1,failure,NA
4098,HH26ae37f2cb,cellular,16,feb,2,-1,0,NA,NA
4802,HH2b5e426863,telephone,7,jul,2,-1,0,NA,NA
4187,HH49fbe6d10d,telephone,28,oct,1,-1,0,NA,NA
4160,HH129bf512e7,NA,28,may,2,-1,0,NA,NA
4179,HH0f4f2d2610,cellular,8,may,1,347,2,failure,NA
4672,HHb395536c6c,cellular,27,jul,1,90,4,success,NA
4484,HHb16815369c,cellular,11,may,1,308,4,failure,NA
4876,HH58516f963b,cellular,21,nov,2,140,11,failure,NA
4165,HHe8d0347758,cellular,18,nov,1,-1,0,NA,NA
4039,HH80dcaa77eb,cellular,14,aug,3,457,1,other,NA
4878,HH9e427c8728,cellular,19,nov,3,-1,0,NA,NA
4829,HH99d639871a,cellular,18,may,1,-1,0,NA,NA
4714,HH2b2c208ce6,cellular,18,nov,1,-1,0,NA,NA
4081,HH28fa3f3bc4,cellular,8,may,1,-1,0,NA,NA
4294,HHd6efa868f6,NA,13,may,1,-1,0,NA,NA
4005,HHc78254e402,cellular,2,feb,1,-1,0,NA,NA
4359,HHfbaf4748cd,telephone,1,jul,4,150,9,failure,NA
4891,HH38e43fd3af,telephone,30,jul,15,-1,0,NA,NA
4234,HHa1727a4bf4,cellular,23,jul,1,535,1,failure,NA
4964,HH10e8f70589,NA,3,jun,2,-1,0,NA,NA
4512,HH09a83de3b5,cellular,1,oct,1,94,9,other,NA
4747,HHc82d6b3b85,cellular,4,feb,6,-1,0,NA,NA
4267,HHf67d1c2b7c,cellular,30,oct,2,-1,0,NA,NA
4578,HH7bee4c07a9,cellular,13,aug,2,192,1,failure,NA
4564,HHaa66459333,cellular,15,jun,1,207,1,other,NA
4764,HHe2fa220967,cellular,21,nov,2,136,3,failure,NA
4135,HHaf6b7ac6c6,cellular,28,aug,7,-1,0,NA,NA
4149,HHd5915c4d00,cellular,27,jul,1,180,4,failure,NA
4856,HH8219d6e9a4,cellular,10,aug,1,-1,0,NA,NA
4076,HH7780b850c2,cellular,6,may,1,363,1,other,NA
4118,HH76a7d618b8,cellular,15,may,1,-1,0,NA,NA
4441,HH701dcabec3,cellular,29,jul,3,-1,0,NA,NA
4579,HH62cd119969,cellular,18,may,1,-1,0,NA,NA
4413,HH6f785edefd,cellular,5,feb,4,-1,0,NA,NA
4298,HHe0bcf03279,NA,12,may,4,-1,0,NA,NA
4369,HHaa73c50ee1,NA,20,may,2,-1,0,NA,NA
4001,HH0534604f12,NA,12,may,12,-1,0,NA,NA
4476,HH7e5d9ebe4d,cellular,2,jun,1,95,1,failure,NA
4031,HH3831fb3805,cellular,20,apr,2,342,1,failure,NA
4340,HH533b7e27fc,cellular,30,jul,2,-1,0,NA,NA
4668,HHf661e3994d,cellular,11,aug,4,-1,0,NA,NA
4193,HH734dd0d602,cellular,21,nov,2,-1,0,NA,NA
4285,HHc2ebfbbe83,telephone,30,apr,1,-1,0,NA,NA
4523,HH154dee6d38,cellular,18,aug,2,-1,0,NA,NA
4797,HH668a4b5575,cellular,17,apr,2,-1,0,NA,NA
4043,HH7641d3c1a6,NA,8,may,3,-1,0,NA,NA
4517,HHe5252221ce,cellular,26,jul,7,292,1,other,NA
4319,HH1912711143,telephone,6,aug,1,-1,0,NA,NA
4547,HH7f2aed4232,cellular,11,may,2,304,2,failure,NA
4440,HH25dfd3064b,telephone,17,nov,1,-1,0,NA,NA
4221,HHbb2f4465df,cellular,6,aug,1,179,2,success,NA
4424,HH4ffa96cee1,cellular,13,jul,3,182,2,success,NA
4598,HHbd9a3e7e94,cellular,17,jun,1,-1,0,NA,NA
4536,HH348c13aec4,cellular,27,aug,6,-1,0,NA,NA
4569,HHb0bfef925c,cellular,30,jul,4,-1,0,NA,NA
4189,HHaa56aba918,cellular,28,aug,3,-1,0,NA,NA
4919,HH35b98c146d,NA,15,may,1,-1,0,NA,NA
4166,HH00b9f84f33,NA,27,may,2,-1,0,NA,NA
4092,HH6351f5ee3b,cellular,27,aug,4,-1,0,NA,NA
4666,HH3c795ca637,cellular,15,jun,1,-1,0,NA,NA
4585,HHbe2c08badb,cellular,14,may,3,358,1,other,NA
4724,HH03cef866a2,NA,21,may,4,-1,0,NA,NA
4278,HH8cacb60619,cellular,11,jul,1,-1,0,NA,NA
4164,HHe742e0f52c,cellular,20,apr,1,-1,0,NA,NA
4088,HHa069b24baa,cellular,4,mar,1,122,3,failure,NA
4483,HH849db06c3c,cellular,14,apr,1,147,2,failure,NA
4838,HHf470493e21,cellular,5,aug,1,-1,0,NA,NA
4143,HH3eb4de3eec,cellular,21,aug,1,-1,0,NA,NA
4858,HHe10e6ea5c2,cellular,17,apr,1,-1,0,NA,NA
4254,HH25d8a2c2af,NA,20,jun,2,-1,0,NA,NA
4300,HH744dc14237,cellular,20,nov,1,-1,0,NA,NA
4866,HH9350dda149,NA,2,jun,1,-1,0,NA,NA
4496,HH43e1e7a9a9,cellular,13,may,1,-1,0,NA,NA
4860,HHb81ff3301e,cellular,21,nov,1,-1,0,NA,NA
4178,HH0730542f7a,NA,7,may,1,-1,0,NA,NA
4842,HHc78c816962,cellular,30,apr,3,-1,0,NA,NA
4113,HHcda8c1fa4b,cellular,17,apr,2,-1,0,NA,NA
4712,HH3b8927f0b6,cellular,30,apr,1,-1,0,NA,NA
4052,HH094872e0cc,cellular,11,may,3,265,2,failure,NA
4539,HHb0e1869f1a,cellular,25,jul,3,-1,0,NA,NA
4337,HHa7b665cac2,NA,15,may,1,-1,0,NA,NA
4436,HHa20e253bcb,cellular,15,may,5,372,2,failure,NA
4094,HH6bc5e432d5,cellular,2,jun,1,182,1,success,NA
4188,HHd3a2a62f98,cellular,30,apr,1,-1,0,NA,NA
4191,HH7beacbd3d2,cellular,2,feb,1,-1,0,NA,NA
4065,HH7cc1fbe989,cellular,29,jul,6,-1,0,NA,NA
4432,HH50680d2b6f,cellular,6,may,2,-1,0,NA,NA
4938,HH7ada840fcc,cellular,15,oct,2,-1,0,NA,NA
4269,HH1157d07a9c,cellular,3,mar,2,-1,0,NA,NA
4846,HHb2eec2c397,telephone,17,oct,1,-1,0,NA,NA
4673,HH7057883c68,cellular,21,oct,2,184,1,success,NA
4270,HH4f6a9274e0,cellular,10,aug,1,414,4,failure,NA
4141,HHdb21ad995f,cellular,17,apr,1,-1,0,NA,NA
4541,HHcbbbfd49b1,cellular,12,may,3,-1,0,NA,NA
4387,HH41bd2bd02b,cellular,19,nov,1,-1,0,NA,NA
4549,HH299f42d617,NA,23,may,1,-1,0,NA,NA
4634,HHca84cc79a6,cellular,20,apr,1,-1,0,NA,NA
4134,HH3ec1aac9f2,cellular,27,oct,1,91,2,success,NA
4717,HH059de9b9f5,NA,21,may,2,-1,0,NA,NA
4565,HH1fba1b2f16,cellular,27,oct,3,148,1,success,NA
4908,HH1bc073497e,cellular,27,feb,1,-1,0,NA,NA
4791,HHbfa242e150,cellular,11,may,1,-1,0,NA,NA
4226,HH2bebea1c52,cellular,28,jul,2,-1,0,NA,NA
4769,HH642dac7448,cellular,22,jun,5,-1,0,NA,NA
4963,HH4bea678720,NA,21,may,1,-1,0,NA,NA
4111,HHc7707daa69,cellular,4,mar,1,181,4,failure,NA
4174,HHc47c129a68,cellular,12,oct,1,-1,0,NA,NA
4350,HH38b558270f,cellular,17,mar,3,-1,0,NA,NA
4040,HH609f8f4f04,NA,6,may,3,-1,0,NA,NA
4958,HH97e85a9232,cellular,7,jul,3,-1,0,NA,NA
4906,HH756508d670,cellular,20,nov,1,-1,0,NA,NA
4213,HH43154ad8fd,cellular,15,jul,2,244,4,other,NA
4918,HH3b5d73de6d,cellular,16,apr,4,146,5,failure,NA
4204,HH49df785161,cellular,5,may,1,195,4,success,NA
4192,HHa26270f7ae,NA,17,jun,7,-1,0,NA,NA
4540,HH2a2547b94e,telephone,29,jan,1,-1,0,NA,NA
4545,HH9aa934b49b,cellular,31,jul,8,-1,0,NA,NA
4462,HHc56f4a7602,NA,9,jun,1,-1,0,NA,NA
4552,HH7f1d57f6c2,NA,23,may,2,-1,0,NA,NA
4647,HHa0f69d2c70,telephone,20,nov,3,-1,0,NA,NA
4768,HHdacaad98dc,NA,20,may,1,-1,0,NA,NA
4109,HH4358a938cb,cellular,7,apr,1,266,2,other,NA
4282,HH3b923ff2e4,cellular,29,aug,2,-1,0,NA,NA
4916,HH345507e9aa,cellular,8,apr,1,-1,0,NA,NA
4455,HH1c9ef4d9c3,NA,11,jun,2,-1,0,NA,NA
4108,HH7c7dd7dec8,telephone,31,jul,2,-1,0,NA,NA
4241,HHde17029c47,cellular,28,jan,3,-1,0,NA,NA
4348,HH83a4f704bb,cellular,7,may,1,-1,0,NA,NA
4480,HHde0d9f5044,NA,26,may,2,-1,0,NA,NA
4012,HH1805194517,cellular,4,feb,4,-1,0,NA,NA
4470,HHce63f58b49,cellular,4,may,4,-1,0,NA,NA
4207,HH22fd5cb8f6,cellular,10,nov,5,-1,0,NA,NA
4013,HH5473b06c02,cellular,11,may,3,-1,0,NA,NA
4901,HH0fae559616,cellular,23,apr,4,-1,0,NA,NA
4603,HHe69ab2377f,cellular,18,aug,4,-1,0,NA,NA
4202,HHb07512eace,cellular,17,apr,1,-1,0,NA,NA
4341,HHc865162808,NA,28,may,3,-1,0,NA,NA
4364,HH9b6b093a08,cellular,3,jun,1,-1,0,NA,NA
4252,HH1bb7a31883,cellular,28,jun,1,182,1,failure,NA
4599,HH7744ff7ce3,NA,15,may,1,-1,0,NA,NA
4729,HHeaa7d2ba48,cellular,16,apr,1,-1,0,NA,NA
4543,HHa79d9ec190,NA,8,may,1,-1,0,NA,NA
4260,HH5bacce9ca8,cellular,10,aug,2,-1,0,NA,NA
4617,HH20091cda84,telephone,16,sep,3,-1,0,NA,NA
4077,HH537e6f1c68,telephone,28,jan,2,254,2,failure,NA
4857,HH0e899bce96,cellular,7,oct,1,-1,0,NA,NA
4262,HH405544de37,cellular,20,nov,1,-1,0,NA,NA
4242,HHc7e61cf6e1,NA,23,may,6,-1,0,NA,NA
4689,HH327239a4f4,NA,15,may,1,-1,0,NA,NA
4645,HHfd8744e79e,cellular,20,apr,2,326,1,other,NA
4905,HH8068bae256,telephone,18,jan,4,-1,0,NA,NA
4305,HHa5f19d2d3f,NA,14,may,2,-1,0,NA,NA
4601,HHd60991b43c,cellular,11,feb,2,-1,0,NA,NA
4506,HH2e26e09d9a,cellular,13,may,3,370,1,failure,NA
4787,HH022a7bb11c,cellular,28,jan,2,-1,0,NA,NA
4201,HHee3f05a8af,cellular,3,apr,1,-1,0,NA,NA
4546,HHad9f6632a3,cellular,3,feb,1,-1,0,NA,NA
4170,HHd9747189e2,NA,20,jun,9,-1,0,NA,NA
4699,HH06f7109141,cellular,12,may,4,-1,0,NA,NA
4107,HH48bbd12b8d,NA,30,may,6,-1,0,NA,NA
4132,HH23987990a7,cellular,15,may,1,-1,0,NA,NA
4277,HH0c8d184081,NA,9,may,1,-1,0,NA,NA
4652,HH0f318fcb5b,NA,23,may,1,-1,0,NA,NA
4329,HH7ba8c32b1a,NA,19,jun,2,-1,0,NA,NA
4225,HH05645f3a6c,NA,9,may,1,-1,0,NA,NA
4883,HH1956b12041,cellular,30,jul,3,-1,0,NA,NA
4004,HHf444cf2934,cellular,9,nov,1,-1,0,NA,NA
4685,HH87789e44f4,cellular,17,apr,1,-1,0,NA,NA
4609,HH8e3c45eb7e,cellular,4,feb,1,176,1,failure,NA
4063,HHb3c96ec104,cellular,15,may,2,-1,0,NA,NA
4928,HH1306f53e15,NA,2,jun,2,-1,0,NA,NA
4824,HHce319dfff5,cellular,15,jan,2,196,1,other,NA
4445,HHb1336c7faa,cellular,14,may,1,-1,0,NA,NA
4594,HHde181037f0,cellular,26,may,2,98,2,success,NA
4744,HH029a9fa8ad,NA,16,may,1,-1,0,NA,NA
4199,HH68d97f60e8,cellular,4,may,3,360,1,failure,NA
4913,HH4f58ca91f4,cellular,23,jun,1,183,5,success,NA
4869,HH09a9a068bf,NA,6,jun,9,-1,0,NA,NA
4743,HH0da405de31,cellular,11,feb,1,188,1,success,NA
4639,HHdc864e1290,cellular,18,nov,2,-1,0,NA,NA
4370,HH4d5361edbe,cellular,9,nov,1,91,2,failure,NA
4956,HH621e6c0fdb,cellular,15,oct,1,-1,0,NA,NA
4059,HH43dc53ed08,cellular,31,jul,3,-1,0,NA,NA
4649,HHd679e6dbf4,cellular,18,jul,1,-1,0,NA,NA
4017,HHf8eea611f6,NA,5,jun,1,-1,0,NA,NA
4961,HH8aa393926a,cellular,7,aug,2,-1,0,NA,NA
4296,HH891c84b8b1,cellular,3,feb,5,6,3,other,NA
4948,HHf235af713c,telephone,9,jun,1,64,12,failure,NA
4326,HHc1ef9d2046,telephone,8,jul,1,-1,0,NA,NA
4422,HH632a6a2ec0,telephone,4,may,1,-1,0,NA,NA
4368,HH011ae3bd0a,cellular,12,aug,2,104,1,failure,NA
4748,HH002b0eb251,cellular,20,apr,1,-1,0,NA,NA
4410,HH2cf02084f8,cellular,15,may,4,371,1,failure,NA
4163,HH9f4faf7711,NA,9,may,1,-1,0,NA,NA
4514,HH202364e7d4,cellular,8,may,3,-1,0,NA,NA
4566,HH1605573271,cellular,14,aug,10,-1,0,NA,NA
4184,HH909fc7f93c,cellular,11,may,1,362,1,success,NA
4655,HHb7a7906beb,cellular,14,aug,4,-1,0,NA,NA
4307,HH1e772cc201,cellular,11,jan,1,192,2,success,NA
4471,HH91171eb0f4,cellular,5,aug,1,-1,0,NA,NA
4568,HH35260c0806,cellular,7,aug,2,-1,0,NA,NA
4930,HHeee71240e5,cellular,23,jul,2,-1,0,NA,NA
4648,HHdf0c727453,NA,1,jul,1,-1,0,NA,NA
4663,HH76482f138d,NA,27,may,2,-1,0,NA,NA
4301,HH931ac36aff,NA,5,may,1,-1,0,NA,NA
4036,HHc7a4a2c6e8,NA,20,jun,1,-1,0,NA,NA
4879,HH0793198f3e,cellular,9,feb,2,104,2,failure,NA
4407,HH3d4aeb4b25,NA,5,may,1,-1,0,NA,NA
4196,HHb060f9fe12,cellular,8,apr,2,-1,0,NA,NA
4683,HH30eef47433,cellular,18,may,3,-1,0,NA,NA
4941,HH4c2f3a885a,cellular,31,mar,1,223,3,other,NA
4507,HH5b46f36b7c,cellular,5,may,2,-1,0,NA,NA
4623,HH566a73acc0,cellular,22,dec,3,309,5,success,NA
4870,HH79f8eb68f7,cellular,8,aug,2,-1,0,NA,NA
4999,HH9a8fae4339,telephone,7,oct,4,-1,0,NA,NA
4403,HH03ac7e9efe,cellular,11,jul,2,-1,0,NA,NA
4258,HH2dd81ff0f7,cellular,2,jun,2,-1,0,NA,NA
4343,HHdc685bf1fa,NA,21,may,2,-1,0,NA,NA
4411,HHe7e1ddd43e,cellular,31,aug,3,98,1,failure,NA
4872,HH0aad628f09,cellular,12,feb,2,182,4,other,NA
4667,HH3ed1e200b2,telephone,17,sep,1,-1,0,NA,NA
4708,HH7b3f008f2f,NA,20,oct,1,-1,0,NA,NA
4153,HH223ee99d05,NA,20,may,3,-1,0,NA,NA
4158,HH477f24788e,cellular,9,apr,5,315,3,other,NA
4627,HHdad2961cc8,telephone,5,may,2,-1,0,NA,NA
4121,HHb0ab1ca90e,cellular,30,apr,2,-1,0,NA,NA
4472,HH0c8b6ec278,NA,14,may,1,-1,0,NA,NA
4249,HH633cc77bfa,cellular,8,sep,3,184,1,success,NA
4772,HHbb73a5639d,cellular,12,aug,2,-1,0,NA,NA
4888,HHac384882c5,cellular,2,feb,1,-1,0,NA,NA
4247,HH63b23464f6,cellular,20,nov,2,-1,0,NA,NA
4129,HH7f0f16440c,cellular,6,mar,2,199,6,success,NA
4442,HH3ba7bcae30,cellular,9,sep,2,98,4,success,NA
4347,HHaf8b3de8d3,cellular,21,nov,5,-1,0,NA,NA
4624,HHd6bb9ee997,cellular,12,may,4,330,11,other,NA
4448,HH128e1b3c3c,NA,20,jun,2,-1,0,NA,NA
4162,HH9b8a41181e,NA,23,may,1,-1,0,NA,NA
4886,HH2a49edbcfd,cellular,14,aug,2,-1,0,NA,NA
4046,HH6bb61769d0,cellular,28,jan,1,-1,0,NA,NA
4274,HH92c73cddd8,cellular,11,may,2,361,5,failure,NA
4757,HHde2129efad,cellular,5,feb,8,-1,0,NA,NA
4093,HHcb278db96b,cellular,18,nov,2,-1,0,NA,NA
4779,HHeea0fb8765,cellular,14,jul,2,-1,0,NA,NA
4711,HH1f5158a3d8,cellular,22,jul,2,-1,0,NA,NA
4850,HH071286965f,cellular,22,jul,1,-1,0,NA,NA
4558,HH9086282a11,cellular,22,aug,4,-1,0,NA,NA
4408,HH69d287d315,cellular,9,sep,3,-1,0,NA,NA
4214,HHbb92bcfc53,NA,19,jun,1,-1,0,NA,NA
4029,HHfbb5d4d146,cellular,31,jul,2,-1,0,NA,NA
5000,HH4d14880882,cellular,25,may,2,-1,0,NA,NA
4210,HH38cf188250,cellular,6,aug,2,-1,0,NA,NA
4028,HH103148e4b5,cellular,20,nov,1,-1,0,NA,NA
4137,HH580d21659e,cellular,6,oct,2,-1,0,NA,NA
4498,HHa7235a3f10,cellular,2,aug,3,277,1,success,NA
4463,HH2ac215edf9,cellular,21,jul,2,-1,0,NA,NA
4874,HH169ef4310b,cellular,2,jun,1,-1,0,NA,NA
4215,HH51c3866d91,cellular,20,nov,3,-1,0,NA,NA
4322,HH47adbdd79e,cellular,20,apr,4,-1,0,NA,NA
4661,HHf39035a869,cellular,21,jul,4,-1,0,NA,NA
4315,HH653d614061,cellular,18,may,1,-1,0,NA,NA
4520,HHe6e26bf9ae,cellular,23,jul,1,-1,0,NA,NA
4591,HHcb52b5ba47,NA,3,jun,5,-1,0,NA,NA
4781,HHded6d0db18,telephone,6,may,2,-1,0,NA,NA
4677,HHa3aa29b7f2,cellular,26,oct,1,120,3,success,NA
4527,HH0fff8ad7ab,cellular,6,aug,2,-1,0,NA,NA
4030,HHa1cc03a9a0,cellular,4,aug,2,-1,0,NA,NA
4700,HHe59b63e9bb,cellular,6,jul,4,-1,0,NA,NA
4117,HH1c23002673,cellular,14,jul,3,-1,0,NA,NA
4548,HH72b4c9c238,NA,20,jun,3,-1,0,NA,NA
4681,HH3a7adc0e4d,cellular,13,may,2,301,1,failure,NA
4726,HH7953965c3e,NA,17,jun,1,-1,0,NA,NA
4384,HH950026cdb2,NA,26,may,1,-1,0,NA,NA
4061,HH5938b7aac3,cellular,12,feb,1,183,1,success,NA
4604,HH128d67409f,NA,16,may,1,-1,0,NA,NA
4223,HH79f990f6bc,cellular,18,aug,2,-1,0,NA,NA
4353,HH87d826c866,cellular,18,nov,1,-1,0,NA,NA
4414,HHf0dea50f40,cellular,15,jul,1,181,4,success,NA
4283,HH138070ca75,cellular,15,feb,1,91,1,success,NA
4218,HHe383884fdf,NA,26,may,2,-1,0,NA,NA
4041,HHda374e4611,NA,27,may,3,-1,0,NA,NA
4018,HH16cade64a9,cellular,12,aug,5,-1,0,NA,NA
4960,HH910b8a38d9,cellular,18,aug,2,-1,0,NA,NA
4762,HH83ecb3bda8,NA,23,may,5,-1,0,NA,NA
4861,HH9500abc894,cellular,4,feb,1,-1,0,NA,NA
4530,HH71c4c2a94b,cellular,6,may,1,359,3,failure,NA
4746,HH3bd6622469,cellular,30,apr,1,84,7,success,NA
4186,HHc653ddabf6,NA,6,may,2,-1,0,NA,NA
4991,HH13b4d2d25f,cellular,1,jul,2,-1,0,NA,NA
4537,HH3486269adb,cellular,7,may,2,351,1,success,NA
4687,HHe1c0e29193,cellular,11,feb,1,-1,0,NA,NA
4144,HHa561b80ca0,cellular,8,may,1,-1,0,NA,NA
4273,HH524dea9b77,cellular,18,nov,2,-1,0,NA,NA
4060,HHe608891cc4,NA,5,jun,2,-1,0,NA,NA
4503,HHbe915da302,cellular,4,feb,2,-1,0,NA,NA
4020,HH6758c17730,cellular,29,mar,2,181,3,failure,NA
4102,HH39b55ca312,cellular,25,feb,1,461,1,failure,NA
4405,HH01a34ca24f,cellular,2,mar,1,-1,0,NA,NA
4366,HH7f33f13b18,NA,30,may,2,-1,0,NA,NA
4735,HH72f72d0d28,cellular,14,apr,1,-1,0,NA,NA
4935,HHd827f4f6e7,cellular,4,aug,1,-1,0,NA,NA
4198,HH6bed2e24aa,NA,19,may,4,-1,0,NA,NA
4665,HH7534683c44,cellular,3,feb,3,-1,0,NA,NA
4396,HH92f1261750,cellular,17,apr,1,-1,0,NA,NA
4983,HHbadfb04c3e,telephone,12,may,3,-1,0,NA,NA
4570,HHee6f4eedcd,cellular,12,jul,2,182,7,failure,NA
4363,HH7d2220355d,telephone,4,jun,2,-1,0,NA,NA
4465,HH81e5c4c94c,telephone,5,may,4,-1,0,NA,NA
4962,HHe03180bb2a,cellular,8,may,4,-1,0,NA,NA
4497,HH7620eb2083,cellular,11,may,2,-1,0,NA,NA
4292,HHf99d4963b4,cellular,17,jun,1,-1,0,NA,NA
4325,HH1de37991a7,NA,15,may,2,-1,0,NA,NA
4042,HH6b11daa794,cellular,9,jul,1,-1,0,NA,NA
4401,HH7ebdc7bddc,cellular,10,jul,1,-1,0,NA,NA
4521,HHc2790ed8a9,cellular,21,aug,5,-1,0,NA,NA
4425,HH836548f791,cellular,6,may,2,-1,0,NA,NA
4641,HH33408ec587,cellular,7,jul,1,-1,0,NA,NA
4391,HHc36b3697b1,NA,19,jun,1,-1,0,NA,NA
4375,HHbd677d41dd,NA,3,jun,3,-1,0,NA,NA
4875,HH3ca366dbae,cellular,20,aug,8,-1,0,NA,NA
4974,HH76412a3511,cellular,30,jul,3,-1,0,NA,NA
4038,HH09cdde08cf,cellular,11,feb,1,181,3,failure,NA
4386,HHa9176b8f31,cellular,20,apr,2,-1,0,NA,NA
4177,HHff9bec025f,NA,26,may,1,-1,0,NA,NA
4152,HHf5a94a9d1c,cellular,18,may,2,186,1,success,NA
4151,HH120a87a426,telephone,4,may,7,-1,0,NA,NA
4752,HHd36d70e5d7,NA,9,jun,5,-1,0,NA,NA
4848,HHe5039a6d80,cellular,20,apr,4,-1,0,NA,NA
4688,HHbc6055c75e,cellular,17,jul,3,-1,0,NA,NA
4074,HH2da22b6203,NA,16,may,5,-1,0,NA,NA
4692,HHb9f04b59f6,cellular,20,aug,2,85,1,success,NA
4972,HHc49536b0ab,cellular,5,feb,2,-1,0,NA,NA
4827,HH9011642aff,cellular,15,jun,1,89,1,success,NA
4750,HH4d63b4c1a3,cellular,21,jul,1,-1,0,NA,NA
4228,HHd92d9f3d35,cellular,8,apr,3,-1,0,NA,NA
4172,HH1659b41085,telephone,3,feb,2,104,4,success,NA
4224,HH4af2ed9982,NA,13,may,1,-1,0,NA,NA
4944,HH3a9c810578,cellular,18,nov,1,127,2,failure,NA
4289,HH42960bb923,cellular,8,aug,2,-1,0,NA,NA
4438,HH429e258764,NA,6,may,1,-1,0,NA,NA
4469,HHa805b3f97a,cellular,21,nov,1,-1,0,NA,NA
4487,HHf0f3a2bc3e,cellular,14,apr,1,-1,0,NA,NA
4910,HH0628e7ed90,telephone,28,jan,1,-1,0,NA,NA
4637,HH698d60f245,cellular,14,apr,1,-1,0,NA,NA
4693,HHd63f05237a,cellular,21,aug,10,-1,0,NA,NA
4080,HHe54ad310b9,NA,26,jun,3,-1,0,NA,NA
4021,HH8428b83d27,telephone,7,may,1,343,4,failure,NA
4362,HH5e8ac0d238,NA,23,jun,3,-1,0,NA,NA
4965,HHfacd00c93d,telephone,13,may,5,348,3,failure,NA
4776,HH9a0a8e03cf,NA,26,may,1,-1,0,NA,NA
4371,HHf707ed0c4a,telephone,10,jul,1,-1,0,NA,NA
4535,HH4c07dd7249,cellular,18,nov,1,167,2,failure,NA
4707,HH2c188aa4d2,cellular,25,jul,4,-1,0,NA,NA
4524,HH6c08f5b786,cellular,25,feb,1,87,4,failure,NA
4606,HHd36c267b6d,cellular,18,jun,1,92,1,success,NA
4420,HHab888d72ca,cellular,14,may,5,-1,0,NA,NA
4176,HH7287807371,telephone,4,jul,2,-1,0,NA,NA
4456,HH2ef509e883,NA,11,jun,1,-1,0,NA,NA
4680,HH6746821d76,cellular,7,jul,3,-1,0,NA,NA
4222,HHfb174f3d8f,cellular,19,nov,1,-1,0,NA,NA
4505,HH6a5835f323,cellular,2,mar,2,-1,0,NA,NA
4590,HH423f48f471,cellular,21,nov,1,184,1,other,NA
4785,HH9f3fbe6ba9,cellular,9,jul,2,-1,0,NA,NA
4091,HH28a5327396,cellular,15,may,1,366,4,failure,NA
4072,HH2b77d84891,telephone,5,feb,1,-1,0,NA,NA
4024,HH2a53a2358f,cellular,20,aug,2,-1,0,NA,NA
4185,HHf5ddd35bcf,telephone,20,nov,1,-1,0,NA,NA
4593,HH1943f93498,cellular,17,nov,1,-1,0,NA,NA
4069,HHdd15109e09,cellular,14,jan,1,87,2,other,NA
4400,HH84655c9e31,cellular,7,may,3,363,2,other,NA
4618,HHb9d7973a5c,cellular,14,may,1,356,10,other,NA
4244,HHefb9dd9f81,cellular,21,nov,1,-1,0,NA,NA
4997,HHcd2530dc33,cellular,6,sep,1,108,8,success,NA
4826,HHdf595574a2,cellular,16,apr,2,317,3,failure,NA
4880,HH53738447dd,NA,13,may,3,-1,0,NA,NA
4836,HH0b58b29556,telephone,17,feb,4,-1,0,NA,NA
4682,HH13b12d4923,cellular,15,jul,3,-1,0,NA,NA
4927,HHf9133d9eec,telephone,20,apr,5,349,2,failure,NA
4532,HHd63d4d45a8,NA,19,jun,9,-1,0,NA,NA
4142,HH88233d2aab,cellular,16,apr,2,149,5,other,NA
4993,HHf5f7e47e3c,cellular,7,may,3,288,1,other,NA
4832,HHcb19d64c50,cellular,3,feb,2,160,5,other,NA
4006,HH4972605e6f,cellular,2,jul,1,399,3,success,NA
4737,HH8c0d8d4986,NA,16,jun,4,-1,0,NA,NA
4939,HH252830d082,cellular,21,nov,4,-1,0,NA,NA
4146,HH39961821de,cellular,5,aug,2,-1,0,NA,NA
4488,HH6c8e9036f0,NA,23,may,1,-1,0,NA,NA
4571,HH12eb611d79,NA,15,may,2,-1,0,NA,NA
4959,HHed63a6800a,NA,7,may,1,-1,0,NA,NA
4988,HH5d7fa4c802,cellular,30,apr,2,-1,0,NA,NA
4034,HH780f8aecb1,cellular,29,aug,2,-1,0,NA,NA
4133,HH77492ec1e7,cellular,12,may,3,-1,0,NA,NA
4148,HHc702eccc14,cellular,12,aug,2,-1,0,NA,NA
4914,HH2103779ca0,cellular,10,jul,1,-1,0,NA,NA
4745,HHcade392c0b,cellular,24,jul,4,-1,0,NA,NA
4314,HHe0e3bbaea2,cellular,5,feb,1,182,3,success,NA
4971,HHf90eb3a5a1,cellular,21,jul,1,-1,0,NA,NA
4504,HHf1eed2cadb,cellular,30,mar,2,-1,0,NA,NA
4815,HH17b0b073b8,NA,6,jun,1,-1,0,NA,NA
4009,HH11e5115f7e,NA,27,may,1,-1,0,NA,NA
4561,HH01289a7bd7,cellular,16,apr,3,-1,0,NA,NA
4515,HH6867b06034,NA,28,may,2,-1,0,NA,NA
4345,HH7bccbe2869,NA,7,may,1,-1,0,NA,NA
4397,HH27aa9c576a,cellular,30,apr,1,-1,0,NA,NA
4557,HH2cf4efeaff,cellular,28,jul,7,-1,0,NA,NA
4494,HH4de873fa79,cellular,19,nov,3,-1,0,NA,NA
4406,HH7871ea67bb,cellular,21,nov,1,-1,0,NA,NA
4727,HHc1a1f37d0c,cellular,8,jul,1,-1,0,NA,NA
4007,HH9d29a91e46,cellular,2,feb,1,-1,0,NA,NA
4933,HHa51ef55666,telephone,20,nov,2,-1,0,NA,NA
4613,HHe2a43e61e9,cellular,16,oct,2,119,5,failure,NA
4395,HH96b39ffe6c,NA,28,may,2,-1,0,NA,NA
4045,HH2760e49773,cellular,25,may,2,10,7,failure,NA
4651,HH7357faefd9,cellular,20,apr,1,-1,0,NA,NA
4650,HHf24f259c52,cellular,5,jun,2,91,1,success,NA
4811,HH9a339a9fd6,cellular,13,apr,2,147,3,failure,NA
4789,HH37cfcdc1e1,cellular,10,nov,1,57,8,success,NA
4982,HH9b1273993d,cellular,13,aug,4,-1,0,NA,NA
4966,HHd128512972,cellular,18,nov,1,-1,0,NA,NA
4475,HHc6179ad5da,cellular,12,aug,2,463,1,success,NA
4531,HHbb741bc20c,NA,28,oct,1,-1,0,NA,NA
4631,HH5fbe40c17c,cellular,16,nov,1,94,2,success,NA
4581,HH8dc62b2854,cellular,31,jul,5,-1,0,NA,NA
4992,HHda4ae416c6,cellular,14,jan,2,-1,0,NA,NA
4533,HH2d5fd3d378,NA,23,may,1,-1,0,NA,NA
4257,HH7aad656b93,cellular,18,feb,1,63,5,failure,NA
4200,HH2b68ce30e0,cellular,29,dec,2,-1,0,NA,NA
4293,HH0bc040a9d1,telephone,21,apr,2,-1,0,NA,NA
4691,HHaf46d41b92,telephone,8,feb,1,446,3,failure,NA
4500,HH8eee5ab715,telephone,4,feb,1,-1,0,NA,NA
4783,HHb0b548b1ea,cellular,12,may,1,-1,0,NA,NA
4955,HH076c8a7cdf,cellular,21,aug,4,-1,0,NA,NA
4884,HH34df021766,cellular,29,aug,2,-1,0,NA,NA
4640,HH4f703d325b,cellular,16,apr,4,335,3,other,NA
4418,HHc67e0307ff,NA,21,may,14,-1,0,NA,NA
4892,HH19f3b8b7f1,cellular,14,may,2,-1,0,NA,NA
4679,HH7a167c30e6,cellular,8,apr,2,-1,0,NA,NA
4011,HH678c529e67,cellular,19,aug,5,-1,0,NA,NA
4019,HHda5b2a12a9,cellular,12,may,1,77,5,failure,NA
4486,HH9d19b5b631,cellular,5,apr,1,-1,0,NA,NA
4630,HH3f5c333d97,cellular,12,aug,2,-1,0,NA,NA
4990,HH47a7cf013c,cellular,22,may,1,10,6,failure,NA
4756,HHf478a8fc7c,NA,8,may,1,-1,0,NA,NA
4330,HH28e78220f9,cellular,30,apr,1,-1,0,NA,NA
4577,HH7be7857707,cellular,17,apr,2,-1,0,NA,NA
4216,HHc2ed57402e,cellular,11,jul,2,-1,0,NA,NA
4457,HHfbf8f399f1,cellular,14,may,1,-1,0,NA,NA
4328,HHbc0712c183,cellular,20,nov,1,-1,0,NA,NA
4550,HHa2197e252a,cellular,11,may,1,370,1,failure,NA
4499,HH794adb172d,cellular,29,apr,2,198,2,failure,NA
4589,HHe0bf86361c,NA,20,jun,2,-1,0,NA,NA
4560,HH4f04ad4a05,NA,20,jun,3,-1,0,NA,NA
4115,HH034fbb7177,cellular,17,jul,2,-1,0,NA,NA
4096,HHaebe639037,cellular,15,apr,3,330,1,failure,NA
4920,HH99e51ae6d5,telephone,12,feb,1,170,4,failure,NA
4890,HHf5f85c1085,telephone,5,may,5,-1,0,NA,NA
4513,HHc242c6d088,cellular,4,feb,9,7,1,other,NA
4309,HHccf462bc4d,telephone,29,jan,1,265,1,failure,NA
4095,HHea0897bbe1,NA,18,jun,4,-1,0,NA,NA
4452,HHac7073a49a,cellular,27,aug,2,-1,0,NA,NA
4658,HH55ae219f1c,NA,16,may,6,-1,0,NA,NA
4819,HHc2143c829f,NA,26,may,1,-1,0,NA,NA
4250,HHe886f38fb9,NA,19,may,2,-1,0,NA,NA
4392,HHa5048a1567,NA,12,may,1,-1,0,NA,NA
4297,HH153fc87685,NA,13,may,2,-1,0,NA,NA
4767,HHdd47c895cc,cellular,14,may,5,316,3,other,NA
4794,HH260cbd4681,NA,27,may,1,-1,0,NA,NA
4607,HH723000ae17,cellular,9,mar,4,-1,0,NA,NA
4706,HHc47bda4f1f,cellular,6,may,3,356,4,other,NA
4426,HHb68cda98b1,cellular,18,aug,1,-1,0,NA,NA
4801,HH7898b3e2c3,NA,21,may,1,-1,0,NA,NA
4660,HH17f88fd774,cellular,14,may,1,-1,0,NA,NA
4327,HH84f50a3671,cellular,30,apr,1,-1,0,NA,NA
4889,HH5755392ebb,cellular,18,may,2,-1,0,NA,NA
4501,HH91f9aa3430,cellular,6,may,1,-1,0,NA,NA
4957,HH314fde17b5,cellular,4,dec,2,-1,0,NA,NA
4973,HHbbb82add63,telephone,26,feb,1,-1,0,NA,NA
4926,HHac6b1b9642,cellular,30,apr,1,-1,0,NA,NA
4208,HHc820e00d9f,NA,26,may,2,-1,0,NA,NA
4725,HH4eea90b050,cellular,5,feb,1,-1,0,NA,NA
4778,HH142a30dc00,cellular,26,mar,2,-1,0,NA,NA
4555,HH2e6c99b578,NA,16,may,1,-1,0,NA,NA
4495,HH0ca13dda77,cellular,5,jun,1,-1,0,NA,NA
4449,HH6f76aabb9e,NA,28,may,1,-1,0,NA,NA
4749,HH600d8125e0,NA,11,jun,1,-1,0,NA,NA
4775,HHd9baba81a9,cellular,31,jul,8,-1,0,NA,NA
4732,HHf53f816683,telephone,26,aug,6,-1,0,NA,NA
4954,HH7bba9af424,NA,18,jun,1,-1,0,NA,NA
4211,HHe7fae145b9,cellular,13,apr,2,340,2,other,NA
4367,HH8eda6b863a,cellular,23,feb,1,-1,0,NA,NA
4722,HHeaff0948c9,cellular,13,may,1,-1,0,NA,NA
4614,HH053f4f5be6,cellular,9,jul,1,-1,0,NA,NA
4263,HH0315cf17b6,cellular,18,aug,8,-1,0,NA,NA
4981,HH383c11e509,NA,13,may,1,-1,0,NA,NA
4493,HH0fe7074f66,cellular,5,feb,2,-1,0,NA,NA
4312,HH2162954706,cellular,22,may,1,59,2,failure,NA
4385,HH7b18c36d55,cellular,19,jul,3,458,1,success,NA
4862,HHb2ca22ab1e,cellular,12,mar,1,-1,0,NA,NA
4998,HH19afa0ec26,cellular,4,aug,2,-1,0,NA,NA
4147,HH6b4fdfb56b,telephone,2,jul,1,125,2,other,NA
4058,HH41f40125b9,cellular,22,jul,1,342,3,success,NA
4937,HH8082f5e093,NA,2,jun,4,-1,0,NA,NA
4840,HH04c2cc7f3b,cellular,28,sep,2,105,7,other,NA
4511,HH2ed51b2a9b,telephone,25,jul,4,-1,0,NA,NA
4697,HH3e0ff1293d,cellular,5,aug,2,-1,0,NA,NA
4851,HHef24e68fc9,NA,30,may,10,-1,0,NA,NA
4723,HHa07fa92ce5,cellular,31,jul,3,-1,0,NA,NA
4489,HH10d833f59c,cellular,2,feb,2,241,3,other,NA
4868,HH840291d606,cellular,23,oct,2,183,3,success,NA
4002,HH5e71c6ec08,cellular,24,jul,1,-1,0,NA,NA
4720,HH9b735f4c0f,cellular,8,jul,1,-1,0,NA,NA
4458,HHcd9b229902,NA,13,may,2,-1,0,NA,NA
4311,HH67cc96e24f,telephone,9,mar,3,181,6,success,NA
4597,HH6d48e8bfe5,NA,21,may,2,-1,0,NA,NA
4519,HH2f94c20bf2,cellular,28,sep,3,98,3,success,NA
4097,HH83436eeb44,cellular,27,aug,6,-1,0,NA,NA
4947,HH0ff64a0b8b,cellular,11,may,1,349,3,other,NA
4671,HHb0ead1a4ac,cellular,22,aug,7,-1,0,NA,NA
4611,HHebf1d54904,NA,4,jun,2,-1,0,NA,NA
4584,HH914f4dd540,cellular,17,apr,1,-1,0,NA,NA
4390,HH8cd31be028,NA,28,may,3,-1,0,NA,NA
4281,HH85214cf020,cellular,14,may,4,-1,0,NA,NA
4810,HH1ad95dadb2,cellular,18,mar,2,294,2,failure,NA
4145,HH2eb2f51778,cellular,30,jul,1,-1,0,NA,NA
4195,HH5c12e15930,cellular,28,jul,3,-1,0,NA,NA
4951,HHac6f1edd61,NA,20,jun,3,-1,0,NA,NA
4101,HH27bcef88e9,NA,30,may,1,-1,0,NA,NA
4430,HH53812c98d6,cellular,5,may,2,-1,0,NA,NA
4182,HHc40ce79cfa,NA,15,may,3,-1,0,NA,NA
4690,HHbef40a20d8,cellular,2,nov,1,81,1,failure,NA
4588,HHceef8fa6ec,cellular,19,aug,2,-1,0,NA,NA
4765,HH117197e0ce,cellular,21,jul,3,-1,0,NA,NA
4799,HH2c9f594f87,cellular,26,aug,13,-1,0,NA,NA
4136,HH27dc00ae22,cellular,24,jul,9,-1,0,NA,NA
4474,HH84f439176a,NA,18,jun,4,-1,0,NA,NA
4379,HHeac0793e86,cellular,21,nov,4,-1,0,NA,NA
4443,HHea1ce25a84,cellular,6,may,1,351,1,other,NA
4087,HH621e8010b8,cellular,12,aug,1,-1,0,NA,NA
4632,HHccb6c83f3d,cellular,23,mar,1,291,2,success,NA
4468,HHcf896bd7f9,cellular,13,aug,2,-1,0,NA,NA
4845,HHd550f61875,cellular,24,jul,1,-1,0,NA,NA
4236,HHc0291cadc4,NA,23,may,3,-1,0,NA,NA
4559,HH42472b9e58,cellular,4,jun,1,126,1,failure,NA
4439,HH46130622ed,cellular,4,sep,3,-1,0,NA,NA
4032,HH02f5020ae3,NA,21,may,1,-1,0,NA,NA
4822,HH277a72e554,cellular,13,may,1,351,1,failure,NA
4335,HH59847f671d,cellular,13,jul,1,181,1,failure,NA
4227,HH3ec7dbbe37,cellular,18,mar,1,-1,0,NA,NA
4904,HH668a7b3eec,cellular,6,may,1,-1,0,NA,NA
4995,HHab31aab606,cellular,17,apr,1,325,1,other,NA
4127,HH10a45eda62,cellular,4,may,5,346,3,failure,NA
4553,HHbde6db8d70,cellular,16,dec,2,196,1,success,NA
4256,HH0e32ad0df6,telephone,4,feb,2,-1,0,NA,NA
4382,HH5e3e86a5d2,cellular,13,aug,2,-1,0,NA,NA
4754,HH2b7188629c,cellular,11,feb,1,183,1,failure,NA
4642,HH56633c49d7,cellular,21,nov,2,-1,0,NA,NA
4106,HHa355fad73a,telephone,28,jul,3,-1,0,NA,NA
4684,HH1179ad815e,cellular,18,sep,2,88,2,other,NA
4733,HH4e4def3e13,cellular,4,may,3,-1,0,NA,NA
4155,HH7735c485f7,NA,20,jun,1,-1,0,NA,NA
4976,HH07a72b3c4e,telephone,4,jun,1,-1,0,NA,NA
4255,HHb5d742ecdd,cellular,4,may,5,-1,0,NA,NA
4033,HHf6488e19b7,cellular,9,apr,4,316,3,failure,NA
4122,HHc8b5d8c4a1,cellular,8,may,4,-1,0,NA,NA
4194,HHccd3a5ad55,cellular,15,jul,5,181,2,failure,NA
4664,HHf47f9e3670,NA,13,may,6,-1,0,NA,NA
4612,HH5344dd6821,cellular,28,jan,1,-1,0,NA,NA
4253,HHdcd13ff5d0,cellular,25,aug,4,-1,0,NA,NA
4790,HH8d314edda3,cellular,25,aug,7,-1,0,NA,NA
4336,HHe0d4f460cb,cellular,5,may,1,-1,0,NA,NA
4383,HH68c2f339f1,cellular,24,apr,2,81,3,failure,NA
4719,HH060e64e1a5,cellular,8,aug,7,-1,0,NA,NA
4704,HHf971d64349,cellular,20,apr,3,-1,0,NA,NA
4678,HHdf7d6e6092,NA,19,jun,1,-1,0,NA,NA
4279,HH32b59f3b41,cellular,22,jul,1,-1,0,NA,NA
4015,HHedb9835ae9,NA,28,may,1,-1,0,NA,NA
4821,HH24950c7841,cellular,14,aug,1,403,5,success,NA
4156,HHe46131e96d,cellular,21,nov,2,-1,0,NA,NA
4197,HH4748739633,cellular,11,may,1,286,2,failure,NA
4996,HH68a6d55760,cellular,15,jun,1,-1,0,NA,NA
4490,HHe787f56b64,cellular,29,oct,1,269,1,failure,NA
4154,HHb8a2625f16,cellular,28,aug,2,-1,0,NA,NA
4447,HHcf2e678ba3,NA,9,jun,1,-1,0,NA,NA
4525,HH9a6c8fb2ca,NA,6,may,1,-1,0,NA,NA
4522,HHc213f74b37,cellular,17,jul,2,-1,0,NA,NA
4291,HH01f6bd1972,cellular,11,may,2,-1,0,NA,NA
4205,HH6e55bc4e1a,cellular,9,mar,1,90,4,success,NA
4055,HH00c2bb01af,cellular,6,feb,2,-1,0,NA,NA
4229,HHf2d53b45f0,NA,3,jun,1,-1,0,NA,NA
4881,HH1d05a7ffb3,cellular,13,may,3,-1,0,NA,NA
4628,HHd48c4b1558,cellular,15,may,1,175,3,other,NA
4709,HHd7988309d1,NA,11,jun,1,-1,0,NA,NA
4361,HHc078281c45,cellular,17,dec,2,127,3,success,NA
4233,HH1085b60579,telephone,5,feb,9,8,13,other,NA
4062,HH73ebaa9902,NA,14,may,1,-1,0,NA,NA
4694,HHd76817ee3c,cellular,8,aug,4,-1,0,NA,NA
4235,HHad16cc03ad,cellular,20,nov,1,91,1,failure,NA
4849,HH5dbba13158,cellular,21,jul,1,-1,0,NA,NA
4820,HH8e1b8c0ab9,telephone,11,may,4,-1,0,NA,NA
4412,HHb59454c778,telephone,15,apr,1,181,2,success,NA
4306,HHa83c7997cf,cellular,20,nov,1,-1,0,NA,NA
4066,HHcd26edb2d8,telephone,27,aug,9,-1,0,NA,NA
4409,HHee33da39ea,cellular,18,may,8,-1,0,NA,NA
4610,HH326447faed,cellular,3,mar,1,86,5,failure,NA
4626,HHd933897456,cellular,8,may,1,-1,0,NA,NA
4526,HHd68f05504b,cellular,11,aug,1,99,7,failure,NA
4605,HH6cd5bde2e2,cellular,20,apr,1,322,2,other,NA
4125,HH77ff8b0d7f,cellular,31,jul,34,-1,0,NA,NA
4788,HH18adf3530e,NA,7,may,1,-1,0,NA,NA
4467,HHd61bca8729,cellular,5,aug,2,-1,0,NA,NA
4119,HHe044804f40,cellular,14,jul,2,-1,0,NA,NA
4575,HHc8e4db955c,cellular,23,jul,1,-1,0,NA,NA
4740,HH17e26b1198,cellular,28,aug,1,-1,0,NA,NA
4686,HHf996e6a8dc,cellular,16,apr,1,317,12,failure,NA
4554,HH0493aeba68,cellular,9,jul,2,-1,0,NA,NA
4742,HHf2275fd861,cellular,21,nov,1,-1,0,NA,NA
4304,HHe0cde949d3,NA,3,jun,5,-1,0,NA,NA
4478,HH7f6d4585ad,cellular,25,mar,8,-1,0,NA,NA
4705,HH2eb382a96d,cellular,12,may,4,-1,0,NA,NA
4774,HHa5bfe31c5e,cellular,15,may,2,-1,0,NA,NA
4451,HH525f411c1a,cellular,14,jul,2,-1,0,NA,NA
4573,HHf9d9ad0277,cellular,31,mar,1,181,1,success,NA
4139,HHdd4ae81ac2,cellular,1,apr,3,-1,0,NA,NA
4206,HHa0e42f1f9d,cellular,7,jul,4,-1,0,NA,NA
4751,HH123e628190,cellular,22,jul,5,-1,0,NA,NA
4602,HH1883ea50e5,cellular,23,feb,1,189,2,other,NA
4423,HHc751661518,NA,16,jun,4,-1,0,NA,NA
4266,HH7ec2c56376,telephone,31,jul,8,-1,0,NA,NA
4940,HHd1f79b4596,NA,26,may,14,-1,0,NA,NA
4175,HH24ae80efa4,cellular,21,nov,2,-1,0,NA,NA
4923,HHe082fd18cd,cellular,17,apr,1,-1,0,NA,NA
4251,HHf91e135f99,cellular,14,sep,2,91,4,success,NA
4586,HHbc105de831,NA,3,jun,1,-1,0,NA,NA
4114,HH338d445513,cellular,10,jul,1,-1,0,NA,NA
4317,HH0b76dccc50,cellular,5,aug,2,-1,0,NA,NA
4231,HHec569c08cb,cellular,5,apr,1,-1,0,NA,NA
4786,HH00d436dd51,cellular,2,apr,3,-1,0,NA,NA
4320,HHa6ccb267f8,telephone,6,aug,3,-1,0,NA,NA
4967,HHd7a3b28c0e,cellular,18,jul,3,-1,0,NA,NA
4828,HH9a82ecf3ba,cellular,4,may,4,-1,0,NA,NA
4078,HH05318b0d8e,telephone,29,jul,6,-1,0,NA,NA
4180,HH82997728fc,cellular,29,apr,3,-1,0,NA,NA
4710,HH983d1053c3,cellular,16,jul,3,-1,0,NA,NA
4931,HHdebf4a610a,cellular,10,jul,1,-1,0,NA,NA
4351,HH3b343c936f,cellular,31,jul,11,-1,0,NA,NA
4071,HHe4eb23469e,cellular,26,aug,2,-1,0,NA,NA
4895,HHcfa340244f,telephone,11,may,1,287,12,failure,NA
4333,HHfdf81a1303,cellular,28,jan,1,-1,0,NA,NA
4766,HH45a0a90dca,cellular,18,jul,2,-1,0,NA,NA
4259,HH75b85a9c1a,cellular,12,may,1,326,5,failure,NA
4349,HHc4e9e6ca79,cellular,16,jul,9,-1,0,NA,NA
4264,HH5a97ec205d,telephone,20,oct,2,183,5,failure,NA
4818,HH8d1c3a4e97,cellular,10,jul,1,-1,0,NA,NA
4902,HHa4e2841d40,NA,26,may,2,-1,0,NA,NA
4911,HH5e6be7861e,NA,17,jun,2,-1,0,NA,NA
4394,HHa60b0be9e9,cellular,12,mar,2,-1,0,NA,NA
4808,HHad4751526d,cellular,17,feb,11,-1,0,NA,NA
4619,HH767367b17d,cellular,22,jul,1,-1,0,NA,NA
4466,HH56f56646c5,NA,20,jun,3,-1,0,NA,NA
4702,HH1522632cc3,cellular,18,mar,1,-1,0,NA,NA
4989,HHc57ef78f9e,NA,20,jun,1,-1,0,NA,NA
4759,HH23b912c61e,cellular,10,feb,1,-1,0,NA,NA
4239,HH4c83b893f2,cellular,12,may,1,-1,0,NA,NA
4339,HH68cb68f222,cellular,3,jul,2,-1,0,NA,NA
4562,HHbe37afe4dd,cellular,8,may,1,358,1,failure,NA
4299,HH4164d57e53,telephone,18,jan,5,285,5,success,NA
4952,HHc239353c75,cellular,7,aug,2,-1,0,NA,NA
4083,HHeefd6b7d3a,cellular,30,mar,15,-1,0,NA,NA
4321,HH8b17fb1a59,cellular,12,aug,3,-1,0,NA,NA
4817,HH7075e7c1c6,cellular,8,aug,4,-1,0,NA,NA
4621,HH25ed28726e,cellular,29,jan,1,-1,0,NA,NA
4980,HH789f9381cf,cellular,27,apr,8,-1,0,NA,NA
4985,HH2b702fb9c2,cellular,14,may,2,293,1,failure,NA
4669,HH340c0d2261,telephone,29,jul,3,-1,0,NA,NA
4482,HH0e3f36f8d3,cellular,2,jun,2,-1,0,NA,NA
4332,HH951ba7982b,cellular,6,apr,1,-1,0,NA,NA
4986,HH29c1293859,cellular,2,sep,2,-1,0,NA,NA
4402,HH68b6d53378,telephone,6,feb,1,274,2,failure,NA
4313,HHfb759a06c3,NA,9,jun,10,-1,0,NA,NA
4446,HH17919fcf29,cellular,12,jul,1,-1,0,NA,NA
4067,HH358a7d114f,telephone,8,may,2,359,3,failure,NA
4676,HH308a23ef09,cellular,19,nov,1,-1,0,NA,NA
4771,HHe91e298170,cellular,8,may,2,-1,0,NA,NA
4416,HHd64ef41f2e,NA,20,may,2,-1,0,NA,NA
4272,HH5c7974b50d,cellular,30,jul,2,-1,0,NA,NA
4975,HHad7fbe3dda,cellular,6,feb,1,-1,0,NA,NA
4230,HH16a7799a94,cellular,5,aug,3,92,8,success,NA
4800,HH6965a93fb2,cellular,6,may,1,342,2,failure,NA
4344,HHffe4487b78,cellular,2,sep,3,-1,0,NA,NA
4073,HHd13147e872,cellular,30,jul,8,-1,0,NA,NA
4839,HH59b703c8ce,cellular,4,aug,1,181,2,other,NA
4212,HH17a32224c6,telephone,27,feb,2,-1,0,NA,NA
4245,HH2652120a18,NA,14,may,1,-1,0,NA,NA
4508,HHb2f609a790,cellular,13,may,3,-1,0,NA,NA
4803,HH2dc63a9391,cellular,18,nov,1,-1,0,NA,NA
4924,HHd87141bff8,cellular,20,nov,1,-1,0,NA,NA
4110,HH457d12763d,NA,18,jun,1,-1,0,NA,NA
4355,HH9f3f799917,NA,5,mar,1,394,1,failure,NA
4331,HHb591d05dd0,cellular,14,aug,5,-1,0,NA,NA
4437,HH13a5351910,cellular,11,aug,5,-1,0,NA,NA
4813,HH14db8bb3ac,cellular,21,aug,1,-1,0,NA,NA
4730,HHd35db89d6d,cellular,25,jul,4,-1,0,NA,NA
4551,HHae49d6e35d,cellular,30,jan,2,-1,0,NA,NA
4378,HH2024c54241,NA,13,may,1,-1,0,NA,NA
4473,HHa52cf26f4e,cellular,9,jul,1,-1,0,NA,NA
4427,HH56a249fa1d,cellular,29,jul,5,-1,0,NA,NA
4796,HHf73cfb4b3d,cellular,31,jul,13,-1,0,NA,NA
4943,HH72804ec971,cellular,4,aug,2,-1,0,NA,NA
4295,HHec2084f596,cellular,5,feb,1,182,3,success,NA
4807,HH091757a911,cellular,14,aug,2,-1,0,NA,NA
4183,HH7b1540a35a,telephone,31,oct,1,-1,0,NA,NA
4644,HHfa772908ba,cellular,7,aug,2,-1,0,NA,NA
4450,HH8ece8702d7,cellular,15,jun,1,224,3,success,NA
4044,HHe6fe60df83,NA,26,may,1,-1,0,NA,NA
4977,HHc4f72ec5b3,cellular,4,feb,2,250,1,other,NA
4529,HH6ec8ac12f5,cellular,20,apr,1,264,9,failure,NA
4112,HH0d8e5fedb6,NA,16,jun,4,-1,0,NA,NA
4636,HH8d46c2ac12,cellular,21,nov,1,-1,0,NA,NA
4843,HH75921c5e40,telephone,12,nov,4,192,1,other,NA
4615,HHcccb2cdd9c,cellular,3,jun,1,-1,0,NA,NA
4381,HH56b1d0db4b,NA,19,jun,6,-1,0,NA,NA
4358,HH601e454742,cellular,9,feb,3,-1,0,NA,NA
4713,HH5887cf1455,NA,6,may,1,-1,0,NA,NA
4123,HHd452345a6b,cellular,17,apr,1,315,11,success,NA
4582,HH73eadf5b87,cellular,16,jun,2,-1,0,NA,NA
4646,HHfc5f7e2762,telephone,12,dec,1,-1,0,NA,NA
4674,HH714f3c26a2,cellular,26,feb,3,186,6,success,NA
4374,HH423502b74d,NA,12,jun,1,-1,0,NA,NA
4885,HH6c6e91fa34,cellular,20,nov,3,-1,0,NA,NA
4969,HHe612605704,telephone,2,jul,1,-1,0,NA,NA
4932,HHc257b9685a,cellular,28,jan,2,-1,0,NA,NA
4915,HH269b0dd998,telephone,5,feb,6,-1,0,NA,NA
4120,HHf0b25e587f,cellular,8,jul,1,521,1,failure,NA
4417,HHd097834e3c,NA,16,jun,1,-1,0,NA,NA
4946,HH206e8d1f96,cellular,16,apr,2,-1,0,NA,NA
4167,HH1d346d3462,telephone,29,jul,1,-1,0,NA,NA
4728,HH66d7227a68,cellular,31,jul,7,-1,0,NA,NA
4734,HHf1e34e0693,cellular,13,may,5,-1,0,NA,NA
4929,HH68befb4b4f,cellular,13,may,4,359,2,other,NA
4026,HHc55e075423,NA,9,may,4,-1,0,NA,NA
4181,HH5c697dff51,NA,14,may,1,-1,0,NA,NA
4936,HHbb5e918101,cellular,22,oct,3,183,1,success,NA
4852,HHad65657322,cellular,2,feb,1,-1,0,NA,NA
4342,HH5002e2c5d1,cellular,6,feb,3,-1,0,NA,NA
4528,HH0a865a8eed,cellular,17,nov,1,-1,0,NA,NA
4275,HH626524a56b,cellular,5,may,1,-1,0,NA,NA
4168,HHb0c6613f18,NA,28,may,1,-1,0,NA,NA
4302,HH7ff5a013ca,cellular,6,apr,1,257,16,failure,NA
